pair_id	job_folder	best_json_file	n_confidence_json	best_ranking_score	median_ranking_score	best_iptm	median_iptm	best_ptm	median_ptm	mean_plddt	fraction_disordered	has_clash	chain_pair_iptm	chain_pair_pae_min	confidence_gate
W2_R01_000070	w2_r01_000070_w2_fes_isc_cysteine_desulfurase_q9zd60_w2_fes_isc_scaffold_q9zd61	w2_r01_000070_w2_fes_isc_cysteine_desulfurase_q9zd60_w2_fes_isc_scaffold_q9zd61/w2_r01_000070_w2_fes_isc_cysteine_desulfurase_q9zd60_w2_fes_isc_scaffold_q9zd61_summary_confidences.json	101	0.890000	0.870000	0.870000	0.850000	0.900000	0.890000		0.03	0.0	[[0.92,0.87],[0.87,0.84]]	[[0.76,1.51],[1.73,0.76]]	high
W2_R01_000072	w2_r01_000072_w2_fes_isc_cysteine_desulfurase_q9zd60_w2_fes_isc_scaffold_d5ax76	w2_r01_000072_w2_fes_isc_cysteine_desulfurase_q9zd60_w2_fes_isc_scaffold_d5ax76/w2_r01_000072_w2_fes_isc_cysteine_desulfurase_q9zd60_w2_fes_isc_scaffold_d5ax76_summary_confidences.json	101	0.890000	0.870000	0.870000	0.850000	0.900000	0.890000		0.03	0.0	[[0.92,0.87],[0.87,0.84]]	[[0.76,1.51],[1.73,0.76]]	high
W2_R02_000009	w2_r02_000009_w2_fes_cia_cysteine_desulfurase_like_a0a9y1bku2_w2_fes_cia_scaffold_like_a0a9y1bkw3	w2_r02_000009_w2_fes_cia_cysteine_desulfurase_like_a0a9y1bku2_w2_fes_cia_scaffold_like_a0a9y1bkw3/w2_r02_000009_w2_fes_cia_cysteine_desulfurase_like_a0a9y1bku2_w2_fes_cia_scaffold_like_a0a9y1bkw3_summary_confidences.json	101	0.890000	0.880000	0.870000	0.850000	0.900000	0.900000		0.04	0.0	[[0.92,0.87],[0.87,0.83]]	[[0.76,1.24],[1.34,0.76]]	high
W2_R02_000021	w2_r02_000021_w2_fes_cia_cysteine_desulfurase_like_a0a9y1fnl3_w2_fes_cia_scaffold_like_a0a9y1bkw3	w2_r02_000021_w2_fes_cia_cysteine_desulfurase_like_a0a9y1fnl3_w2_fes_cia_scaffold_like_a0a9y1bkw3/w2_r02_000021_w2_fes_cia_cysteine_desulfurase_like_a0a9y1fnl3_w2_fes_cia_scaffold_like_a0a9y1bkw3_summary_confidences.json	101	0.890000	0.880000	0.860000	0.850000	0.900000	0.900000		0.04	0.0	[[0.93,0.86],[0.86,0.84]]	[[0.76,1.3],[1.33,0.76]]	high
W2_R03B_000046	w2_r03b_000046_w2_fes_cia_cysteine_desulfurase_like_a0a5b9d7u7_w2_fes_isc_scaffold_q9zd61	w2_r03b_000046_w2_fes_cia_cysteine_desulfurase_like_a0a5b9d7u7_w2_fes_isc_scaffold_q9zd61/w2_r03b_000046_w2_fes_cia_cysteine_desulfurase_like_a0a5b9d7u7_w2_fes_isc_scaffold_q9zd61_summary_confidences.json	101	0.860000	0.840000	0.840000	0.820000	0.890000	0.880000		0.02	0.0	[[0.92,0.84],[0.84,0.81]]	[[0.76,1.99],[2.21,0.76]]	high
W2_R03B_000048	w2_r03b_000048_w2_fes_cia_cysteine_desulfurase_like_a0a5b9d7u7_w2_fes_isc_scaffold_d5ax76	w2_r03b_000048_w2_fes_cia_cysteine_desulfurase_like_a0a5b9d7u7_w2_fes_isc_scaffold_d5ax76/w2_r03b_000048_w2_fes_cia_cysteine_desulfurase_like_a0a5b9d7u7_w2_fes_isc_scaffold_d5ax76_summary_confidences.json	101	0.860000	0.840000	0.840000	0.820000	0.890000	0.880000		0.02	0.0	[[0.92,0.84],[0.84,0.81]]	[[0.76,1.99],[2.21,0.76]]	high
W2_R03_000027	w2_r03_000027_w2_fes_isc_cysteine_desulfurase_q01179_w2_fes_cia_scaffold_like_a0a9y1bkw3	w2_r03_000027_w2_fes_isc_cysteine_desulfurase_q01179_w2_fes_cia_scaffold_like_a0a9y1bkw3/w2_r03_000027_w2_fes_isc_cysteine_desulfurase_q01179_w2_fes_cia_scaffold_like_a0a9y1bkw3_summary_confidences.json	101	0.820000	0.770000	0.780000	0.730000	0.870000	0.850000		0.03	0.0	[[0.92,0.78],[0.78,0.82]]	[[0.76,2.92],[3.25,0.76]]	high
W2_R04_000036	w2_r04_000036_w2_atp_synthase_alpha_subunit_a0a290mp74_w2_atp_synthase_beta_subunit_a3ps59	w2_r04_000036_w2_atp_synthase_alpha_subunit_a0a290mp74_w2_atp_synthase_beta_subunit_a3ps59/w2_r04_000036_w2_atp_synthase_alpha_subunit_a0a290mp74_w2_atp_synthase_beta_subunit_a3ps59_summary_confidences.json	101	0.850000	0.840000	0.840000	0.830000	0.880000	0.870000		0.01	0.0	[[0.89,0.84],[0.84,0.87]]	[[0.76,1.41],[1.36,0.76]]	high
W2_R04_000056	w2_r04_000056_w2_atp_synthase_alpha_subunit_a4wum9_w2_atp_synthase_beta_subunit_a3ps59	w2_r04_000056_w2_atp_synthase_alpha_subunit_a4wum9_w2_atp_synthase_beta_subunit_a3ps59/w2_r04_000056_w2_atp_synthase_alpha_subunit_a4wum9_w2_atp_synthase_beta_subunit_a3ps59_summary_confidences.json	101	0.850000	0.840000	0.840000	0.830000	0.870000	0.870000		0.01	0.0	[[0.89,0.84],[0.84,0.87]]	[[0.76,1.38],[1.46,0.76]]	high
W2_R06_000001	w2_r06_000001_w2_cytoskeleton_actin_p60709_w2_cytoskeleton_profilin_p07737	w2_r06_000001_w2_cytoskeleton_actin_p60709_w2_cytoskeleton_profilin_p07737/w2_r06_000001_w2_cytoskeleton_actin_p60709_w2_cytoskeleton_profilin_p07737_summary_confidences.json	101	0.930000	0.920000	0.930000	0.930000	0.920000	0.910000		0.0	0.0	[[0.9,0.93],[0.93,0.91]]	[[0.76,0.95],[0.97,0.76]]	high
W2_R06_000003	w2_r06_000003_w2_cytoskeleton_actin_p63261_w2_cytoskeleton_profilin_p07737	w2_r06_000003_w2_cytoskeleton_actin_p63261_w2_cytoskeleton_profilin_p07737/w2_r06_000003_w2_cytoskeleton_actin_p63261_w2_cytoskeleton_profilin_p07737_summary_confidences.json	101	0.930000	0.930000	0.930000	0.930000	0.920000	0.920000		0.0	0.0	[[0.9,0.93],[0.93,0.91]]	[[0.76,0.94],[1.01,0.76]]	high
W2_R07_000032	w2_r07_000032_w2_cytoskeleton_actin_p63261_w2_atp_synthase_alpha_subunit_a3ps65	w2_r07_000032_w2_cytoskeleton_actin_p63261_w2_atp_synthase_alpha_subunit_a3ps65/w2_r07_000032_w2_cytoskeleton_actin_p63261_w2_atp_synthase_alpha_subunit_a3ps65_summary_confidences.json	101	0.500000	0.300000	0.480000	0.220000	0.550000	0.540000		0.02	0.0	[[0.83,0.48],[0.48,0.83]]	[[0.76,7.45],[9.43,0.76]]	low
W2_R07_000086	w2_r07_000086_w2_cytoskeleton_profilin_p07274_w2_atp_synthase_beta_subunit_r0cxf1	w2_r07_000086_w2_cytoskeleton_profilin_p07274_w2_atp_synthase_beta_subunit_r0cxf1/w2_r07_000086_w2_cytoskeleton_profilin_p07274_w2_atp_synthase_beta_subunit_r0cxf1_summary_confidences.json	101	0.530000	0.260000	0.460000	0.120000	0.620000	0.620000		0.09	0.0	[[0.87,0.46],[0.46,0.72]]	[[0.76,11.36],[9.97,0.76]]	low
W2_R08_000015	w2_r08_000015_w2_cytoskeleton_actin_p60709_w2_fes_isc_cysteine_desulfurase_d5ax78	w2_r08_000015_w2_cytoskeleton_actin_p60709_w2_fes_isc_cysteine_desulfurase_d5ax78/w2_r08_000015_w2_cytoskeleton_actin_p60709_w2_fes_isc_cysteine_desulfurase_d5ax78_summary_confidences.json	101	0.800000	0.660000	0.780000	0.630000	0.840000	0.750000		0.01	0.0	[[0.88,0.78],[0.78,0.91]]	[[0.76,2.71],[2.61,0.76]]	high
W2_R08_000016	w2_r08_000016_w2_cytoskeleton_actin_p60709_w2_fes_isc_cysteine_desulfurase_q9zd59	w2_r08_000016_w2_cytoskeleton_actin_p60709_w2_fes_isc_cysteine_desulfurase_q9zd59/w2_r08_000016_w2_cytoskeleton_actin_p60709_w2_fes_isc_cysteine_desulfurase_q9zd59_summary_confidences.json	101	0.800000	0.660000	0.780000	0.630000	0.840000	0.750000		0.01	0.0	[[0.88,0.78],[0.78,0.91]]	[[0.76,2.71],[2.61,0.76]]	high
W2_R08_000035	w2_r08_000035_w2_cytoskeleton_actin_p63261_w2_fes_isc_cysteine_desulfurase_d5ax78	w2_r08_000035_w2_cytoskeleton_actin_p63261_w2_fes_isc_cysteine_desulfurase_d5ax78/w2_r08_000035_w2_cytoskeleton_actin_p63261_w2_fes_isc_cysteine_desulfurase_d5ax78_summary_confidences.json	101	0.710000	0.630000	0.680000	0.600000	0.780000	0.730000		0.01	0.0	[[0.87,0.68],[0.68,0.9]]	[[0.76,4.87],[4.89,0.76]]	moderate
W2_R08_000036	w2_r08_000036_w2_cytoskeleton_actin_p63261_w2_fes_isc_cysteine_desulfurase_q9zd59	w2_r08_000036_w2_cytoskeleton_actin_p63261_w2_fes_isc_cysteine_desulfurase_q9zd59/w2_r08_000036_w2_cytoskeleton_actin_p63261_w2_fes_isc_cysteine_desulfurase_q9zd59_summary_confidences.json	101	0.710000	0.630000	0.680000	0.600000	0.780000	0.730000		0.01	0.0	[[0.87,0.68],[0.68,0.9]]	[[0.76,4.87],[4.89,0.76]]	moderate
